Source Name,
Acquedotto Pugliese,
Activelink Ireland,
Aim Gruppo,
Andaluc√≠a,
ATC Network,
Autonomous Region of Sardinia,
AWS France,
Boamp France,
Bravosolution,
Bund Germany,
City of Venice,
CompeteFor,
Contracts Finder,
Department for International Trade,
Digital Marketplace,
e-hub,
e-procurement Belgium,
EBRD,
EmiliAmbiente,
etenders NI,
EU EU-Supply,
France Official Portal,
Health Education England,
Hera Gruppo,
in-tend,
IRL Eu-Supply,
Jaggaer,
Knowledgepool,
Ministry of Defense Italy,
Ministry of Justice Italy,
Ministry of the Interior Italy,
Municipality of Latina,
mytenders,
Nepo,
NIFHA,
Peak District National Park,
Poland Official Portal,
Proactis,
Republic of Slovenia Official Portal,
Sell2 Wales,
Serbia Official Portal,
Staffordshire Moorlands District Council,
TED,
UK EU-Supply,
United Nations Development Programme,
United Nations Global Marketplace,
Viveracqua,
Worldbank Official Portal,
